file_name,path
3D_Dollhouse_Happy_Brother.zip,/nobackup/nhaldert/data/3D_Dollhouse_Happy_Brother.zip
Black_Decker_CM2035B_12Cup_Thermal_Coffeemaker.zip,/nobackup/nhaldert/data/Black_Decker_CM2035B_12Cup_Thermal_Coffeemaker.zip
BlueBlack_Nintendo_3DSXL.zip,/nobackup/nhaldert/data/BlueBlack_Nintendo_3DSXL.zip
COAST_GUARD_BOAT.zip,/nobackup/nhaldert/data/COAST_GUARD_BOAT.zip
Crayola_Crayons_120_crayons.zip,/nobackup/nhaldert/data/Crayola_Crayons_120_crayons.zip
CREATIVE_BLOCKS_35_MM.zip,/nobackup/nhaldert/data/CREATIVE_BLOCKS_35_MM.zip
Crosley_Alarm_Clock_Vintage_Metal.zip,/nobackup/nhaldert/data/Crosley_Alarm_Clock_Vintage_Metal.zip
GEOMETRIC_PEG_BOARD.zip,/nobackup/nhaldert/data/GEOMETRIC_PEG_BOARD.zip
GoPro_HERO3_Composite_Cable.zip,/nobackup/nhaldert/data/GoPro_HERO3_Composite_Cable.zip
Great_Dinos_Triceratops_Toy.zip,/nobackup/nhaldert/data/Great_Dinos_Triceratops_Toy.zip
JBL_Charge_Speaker_portable_wireless_wired_Green.zip,/nobackup/nhaldert/data/JBL_Charge_Speaker_portable_wireless_wired_Green.zip
Justified_The_Complete_Fourth_Season_3_Discs_DVD.zip,/nobackup/nhaldert/data/Justified_The_Complete_Fourth_Season_3_Discs_DVD.zip
Kanex_MultiSync_Wireless_Keyboard.zip,/nobackup/nhaldert/data/Kanex_MultiSync_Wireless_Keyboard.zip
Melissa_Doug_See_Spell.zip,/nobackup/nhaldert/data/Melissa_Doug_See_Spell.zip
Nikon_1_AW1_w11275mm_Lens_Silver.zip,/nobackup/nhaldert/data/Nikon_1_AW1_w11275mm_Lens_Silver.zip
Nintendo_2DS_Crimson_Red.zip,/nobackup/nhaldert/data/Nintendo_2DS_Crimson_Red.zip
Nintendo_Mario_Action_Figure.zip,/nobackup/nhaldert/data/Nintendo_Mario_Action_Figure.zip
Ortho_Forward_Facing_CkAW6rL25xH.zip,/nobackup/nhaldert/data/Ortho_Forward_Facing_CkAW6rL25xH.zip
Razer_Kraken_Pro_headset_Full_size_Black.zip,/nobackup/nhaldert/data/Razer_Kraken_Pro_headset_Full_size_Black.zip
REEF_BANTU.zip,/nobackup/nhaldert/data/REEF_BANTU.zip
Saccharomyces_Boulardii_MOS_Value_Size.zip,/nobackup/nhaldert/data/Saccharomyces_Boulardii_MOS_Value_Size.zip
Schleich_Lion_Action_Figure.zip,/nobackup/nhaldert/data/Schleich_Lion_Action_Figure.zip
Schleich_S_Bayala_Unicorn_70432.zip,/nobackup/nhaldert/data/Schleich_S_Bayala_Unicorn_70432.zip
SCHOOL_BUS.zip,/nobackup/nhaldert/data/SCHOOL_BUS.zip
SpiderMan_Titan_Hero_12Inch_Action_Figure_oo1qph4wwiW.zip,/nobackup/nhaldert/data/SpiderMan_Titan_Hero_12Inch_Action_Figure_oo1qph4wwiW.zip
Threshold_Bamboo_Ceramic_Soap_Dish.zip,/nobackup/nhaldert/data/Threshold_Bamboo_Ceramic_Soap_Dish.zip
Threshold_Basket_Natural_Finish_Fabric_Liner_Small.zip,/nobackup/nhaldert/data/Threshold_Basket_Natural_Finish_Fabric_Liner_Small.zip
Threshold_Porcelain_Teapot_White.zip,/nobackup/nhaldert/data/Threshold_Porcelain_Teapot_White.zip
Toysmith_Windem_Up_Flippin_Animals_Dog.zip,/nobackup/nhaldert/data/Toysmith_Windem_Up_Flippin_Animals_Dog.zip
Transformers_Age_of_Extinction_Mega_1Step_Bumblebee_Figure.zip,/nobackup/nhaldert/data/Transformers_Age_of_Extinction_Mega_1Step_Bumblebee_Figure.zip
Victor_Reversible_Bookend.zip,/nobackup/nhaldert/data/Victor_Reversible_Bookend.zip
